{"dateObj":"09/12/2019 12:00:42","metricsObj":{"Timestamp":8622.653975,"Documents":1,"Frames":1,"JSEventListeners":212,"Nodes":796,"LayoutCount":41,"RecalcStyleCount":92,"LayoutDuration":0.122168,"RecalcStyleDuration":0.079679,"ScriptDuration":0.977627,"TaskDuration":1.76208,"JSHeapUsedSize":32052280,"JSHeapTotalSize":61386752},"performancesObj":{"timeOrigin":1575903637686.643,"timing":{"navigationStart":1575903637686,"unloadEventStart":1575903638016,"unloadEventEnd":1575903638016,"redirectStart":1575903637693,"redirectEnd":1575903637848,"fetchStart":1575903637848,"domainLookupStart":1575903637848,"domainLookupEnd":1575903637848,"connectStart":1575903637848,"connectEnd":1575903637848,"secureConnectionStart":0,"requestStart":1575903637849,"responseStart":1575903638006,"responseEnd":1575903638009,"domLoading":1575903638025,"domInteractive":1575903640088,"domContentLoadedEventStart":1575903640088,"domContentLoadedEventEnd":1575903640112,"domComplete":1575903640296,"loadEventStart":1575903640296,"loadEventEnd":1575903640297},"navigation":{"type":0,"redirectCount":1}}}
