{"dateObj":"09/12/2019 01:31:44","metricsObj":{"Timestamp":14085.034895,"Documents":1,"Frames":1,"JSEventListeners":219,"Nodes":1324,"LayoutCount":42,"RecalcStyleCount":92,"LayoutDuration":0.2234,"RecalcStyleDuration":0.192159,"ScriptDuration":1.306695,"TaskDuration":2.459065,"JSHeapUsedSize":36914456,"JSHeapTotalSize":60600320},"performancesObj":{"timeOrigin":1575909099366.532,"timing":{"navigationStart":1575909099366,"unloadEventStart":1575909099694,"unloadEventEnd":1575909099694,"redirectStart":1575909099371,"redirectEnd":1575909099527,"fetchStart":1575909099527,"domainLookupStart":1575909099527,"domainLookupEnd":1575909099527,"connectStart":1575909099527,"connectEnd":1575909099527,"secureConnectionStart":0,"requestStart":1575909099532,"responseStart":1575909099690,"responseEnd":1575909099691,"domLoading":1575909099697,"domInteractive":1575909101980,"domContentLoadedEventStart":1575909101980,"domContentLoadedEventEnd":1575909102006,"domComplete":1575909102193,"loadEventStart":1575909102193,"loadEventEnd":1575909102193},"navigation":{"type":0,"redirectCount":1}}}
